ref,dealer,item,bags,date,driver,notes
WA-071,Musanze Agrovet,NPK,150,09/03/2026,J. Habimana,
WA-072,Karongi Agrodealers,Urea,120,12/03/2026,E. Niyonzima,"part load, rest to follow"
WA-073,Karongi Agrodealers,Urea,60,17/03/2026,E. Niyonzima,balance of previous
WA-074,Huye Seed Ctr,Maize seed,80,11/03/2026,J. Habimana,returned 15 bags torn
WA-075,Musanze Agrovet,NPK,100,13/03/2026,P. Mukama,
WA-076,Musanze Agrovet,Urea,50,13/03/2026,P. Mukama,
WA-077,Nyamasheke Coop,NPK,80,14/03/2026,P. Mukama,"urgent, agreed by phone"
WA-078,Rubavu Cross-Border,NPK,300,20/03/2026,E. Niyonzima,cleared at Goma
WA-079,Nyagatare Farmers Union,Urea,250,24/03/2026,J. Habimana,1 day late
WA-080,Huye Seed Ctr,Maize seed,40,19/03/2026,J. Habimana,